{
    "train_loss": [
        1.7704598883628846,
        1.5102947269916533,
        1.4062536801815033,
        1.3315807563781739,
        1.2771475926876068,
        1.2374453128814698,
        1.1939829667568207,
        1.1674987784862518,
        1.1395901628494263,
        1.1148805547237397,
        1.097443825340271,
        1.0739150636911392,
        1.0527190154075623,
        1.0307216320753096,
        1.0196508726119995,
        0.997544289135933
    ],
    "train_accuracy": [
        0.34195,
        0.4532,
        0.489375,
        0.52125,
        0.543725,
        0.555225,
        0.573125,
        0.5839,
        0.59365,
        0.602825,
        0.605725,
        0.617775,
        0.624875,
        0.632375,
        0.6349,
        0.64425
    ],
    "validation_loss": [
        1.5000257076263428,
        1.3965950477600098,
        1.3411216779708863,
        1.3091257846832276,
        1.241637890625,
        1.223976153564453,
        1.2095851205825805,
        1.2171990413665772,
        1.2128938581466675,
        1.168999405670166,
        1.1604928186416625,
        1.182888151741028,
        1.1643198446273804,
        1.1646602172851563,
        1.1655508803367616,
        1.1767144704818726
    ],
    "validation_accuracy": [
        0.4488,
        0.4854,
        0.5154,
        0.5227,
        0.554,
        0.5573,
        0.5639,
        0.5602,
        0.565,
        0.5803,
        0.586,
        0.5841,
        0.5848,
        0.5856,
        0.5888,
        0.5853
    ]
}