{
    "train_loss": [
        1.7906682353973389,
        1.5627800651550292,
        1.4771491887569428,
        1.430272496175766,
        1.387336520242691,
        1.3605147282600403,
        1.3330431301593781,
        1.3162983655929565,
        1.294677947807312,
        1.278767270231247,
        1.2731141132354737,
        1.252381797838211,
        1.2419723405838012,
        1.2330166318893432,
        1.2245927258968354,
        1.2185157917022704,
        1.2079616441249847,
        1.1921647921562195,
        1.192678113603592,
        1.1780509085178374,
        1.173981524515152,
        1.16566919465065,
        1.15729197306633,
        1.1592198378562928,
        1.1455401205539704,
        1.1443632510185242,
        1.1332342099666595,
        1.1272731742858886,
        1.1303772716999054,
        1.1292775866031646,
        1.1204270177841187,
        1.1157756011009217,
        1.1096702481746674,
        1.1045286766052247,
        1.1003624454975127,
        1.0971144695758819,
        1.0970694573402404,
        1.0876341896533965,
        1.0866044445037841
    ],
    "train_accuracy": [
        0.339925,
        0.42855,
        0.46045,
        0.483575,
        0.5009,
        0.5128,
        0.52055,
        0.52795,
        0.536775,
        0.5433,
        0.544775,
        0.55235,
        0.555275,
        0.558875,
        0.5633,
        0.5638,
        0.568725,
        0.574175,
        0.573925,
        0.57855,
        0.578525,
        0.5817,
        0.5889,
        0.58605,
        0.593,
        0.5941,
        0.6012,
        0.597475,
        0.59845,
        0.5998,
        0.6031,
        0.601125,
        0.60645,
        0.6074,
        0.607625,
        0.611175,
        0.613175,
        0.61155,
        0.61375
    ],
    "validation_loss": [
        1.519468578529358,
        1.4040018016815186,
        1.34274015045166,
        1.333739408302307,
        1.3262203189849853,
        1.2521547315597534,
        1.255276057624817,
        1.205461609840393,
        1.1808836614608764,
        1.1749421981811523,
        1.182085230064392,
        1.1837327947616578,
        1.165537425994873,
        1.1682642395019531,
        1.1658818950653076,
        1.1483677610397338,
        1.1327313210487366,
        1.0942490789413453,
        1.0769961911201478,
        1.1189180877685547,
        1.0693842380523682,
        1.1137876222610474,
        1.1280380920410156,
        1.053957105064392,
        1.0438088457107544,
        1.0425292896270753,
        1.0843916714668274,
        1.0236231964111329,
        1.0196618194580078,
        1.0300747789382934,
        1.038934663772583,
        1.0309559319496155,
        1.0346920614242554,
        0.9888621687889099,
        1.0088494365692138,
        0.9950233108520508,
        1.0417170961380005,
        0.9998761434555054,
        1.0164926902770997
    ],
    "validation_accuracy": [
        0.4402,
        0.4892,
        0.5184,
        0.5198,
        0.5289,
        0.5475,
        0.552,
        0.5733,
        0.5806,
        0.5826,
        0.5857,
        0.578,
        0.5886,
        0.5868,
        0.5865,
        0.5911,
        0.5953,
        0.6184,
        0.6184,
        0.6031,
        0.6188,
        0.6065,
        0.604,
        0.6241,
        0.6317,
        0.6343,
        0.6111,
        0.6396,
        0.6431,
        0.6315,
        0.6314,
        0.6373,
        0.6409,
        0.6572,
        0.6446,
        0.6481,
        0.6367,
        0.6515,
        0.6427
    ],
    "learning_rate": [
        0.001,
        0.001,
        0.001,
        0.001,
        0.001,
        0.001,
        0.001,
        0.001,
        0.001,
        0.001,
        0.001,
        0.001,
        0.001,
        0.001,
        0.001,
        0.001,
        0.001,
        0.001,
        0.001,
        0.001,
        0.001,
        0.001,
        0.001,
        0.001,
        0.001,
        0.001,
        0.001,
        0.001,
        0.001,
        0.001,
        0.001,
        0.001,
        0.001,
        0.001,
        0.001,
        0.001,
        0.001,
        0.001,
        0.001
    ]
}