{
    "train_loss": [
        1.9685634585380554,
        1.680809487915039,
        1.5557249271392821,
        1.487169133234024,
        1.4403113431453705,
        1.3970712512016297,
        1.3687766713142395,
        1.347155515575409,
        1.323937183046341,
        1.3054185297489167,
        1.2861844765663146,
        1.2626808260440827,
        1.2531703014373778,
        1.2446169989585876,
        1.229218096256256
    ],
    "train_accuracy": [
        0.2518,
        0.372175,
        0.4322,
        0.459975,
        0.48075,
        0.501875,
        0.51455,
        0.520825,
        0.530125,
        0.537925,
        0.545525,
        0.5529,
        0.55455,
        0.56085,
        0.565325
    ],
    "validation_loss": [
        1.629970380973816,
        1.4902655353546144,
        1.4345827854156494,
        1.364402698135376,
        1.3433154222488404,
        1.295835965538025,
        1.2746792596817016,
        1.282628511428833,
        1.2608380466461182,
        1.2391802248001098,
        1.2325931215286254,
        1.2390552032470703,
        1.2646709055900573,
        1.213801321029663,
        1.208354961013794
    ],
    "validation_accuracy": [
        0.3931,
        0.4477,
        0.47,
        0.5072,
        0.5137,
        0.5289,
        0.5358,
        0.5399,
        0.5357,
        0.553,
        0.5535,
        0.558,
        0.5489,
        0.5676,
        0.5686
    ]
}