{
    "train_loss": [
        2.721600337791443,
        2.479681413269043,
        2.3510107669830322,
        2.2688931995391846,
        2.2092742930412292,
        2.1585811248779296,
        2.1073689407348635,
        2.076022284412384,
        2.0432063532829283,
        2.012214538669586,
        1.981593479347229,
        1.9555428973197937,
        1.9265319513320922,
        1.9045288633346558,
        1.892926856327057,
        1.8734230773925782,
        1.8540344763755798,
        1.827985633468628,
        1.8126460282325745
    ],
    "train_accuracy": [
        0.155175,
        0.234275,
        0.279775,
        0.30245,
        0.3212,
        0.3393,
        0.355575,
        0.362725,
        0.3713,
        0.38075,
        0.3892,
        0.397775,
        0.40455,
        0.409725,
        0.41525,
        0.420575,
        0.425475,
        0.43325,
        0.43835
    ],
    "validation_loss": [
        2.466348794555664,
        2.283190306854248,
        2.202222771835327,
        2.150831901550293,
        2.1542227668762206,
        2.0673241291046143,
        2.0389319082260133,
        2.031546237182617,
        2.0109650295257566,
        1.9906018871307374,
        1.9835526332855224,
        2.0137390434265137,
        1.945537191581726,
        1.9221093719482423,
        1.932852484893799,
        1.9457436210632324,
        1.9601331216812135,
        1.9237683622360229,
        1.929960439682007
    ],
    "validation_accuracy": [
        0.2327,
        0.3043,
        0.3183,
        0.3412,
        0.3387,
        0.3647,
        0.38,
        0.3693,
        0.3844,
        0.3877,
        0.3859,
        0.3785,
        0.3968,
        0.4114,
        0.4056,
        0.4028,
        0.3976,
        0.4146,
        0.4096
    ]
}