{
    "train_loss": [
        1.6174062786102295,
        1.3639501994609833,
        1.2585801259040832,
        1.1830140826702118,
        1.1255509531497956,
        1.0061943156719209,
        0.9661220236301422,
        0.932597610116005,
        0.9001176425933838,
        0.8706333018064499,
        0.7959482336759567,
        0.7783158653497696
    ],
    "train_accuracy": [
        0.407775,
        0.508725,
        0.548625,
        0.5797,
        0.596825,
        0.64285,
        0.657525,
        0.668675,
        0.680675,
        0.691525,
        0.720775,
        0.726425
    ],
    "validation_loss": [
        1.414565722465515,
        1.3708868463516235,
        1.3211853464126586,
        1.2383895275115966,
        1.2146483848571776,
        1.200555623626709,
        1.1727574502944946,
        1.1772745023727418,
        1.1826324960708618,
        1.188843865585327,
        1.1828193313598634,
        1.1885874808311463
    ],
    "validation_accuracy": [
        0.4799,
        0.51,
        0.5295,
        0.5599,
        0.5723,
        0.5706,
        0.586,
        0.5909,
        0.588,
        0.5939,
        0.6019,
        0.5976
    ],
    "learning_rate": [
        0.001,
        0.001,
        0.001,
        0.001,
        0.0005,
        0.0005,
        0.0005,
        0.0005,
        0.0005,
        0.00025,
        0.00025,
        0.00025
    ]
}