{
    "train_loss": [
        1.6610447383880615,
        1.3402001276493072,
        1.1967770597934724,
        1.1056118780612945,
        1.034003354883194,
        0.967410235285759,
        0.9241607139587402,
        0.8876921649217605,
        0.8411601275920868,
        0.8108749942302704,
        0.7665779346466064,
        0.7481073359489441,
        0.7194154038310051,
        0.6983061513662339,
        0.6664372075915337
    ],
    "train_accuracy": [
        0.386575,
        0.523525,
        0.575625,
        0.6098,
        0.63535,
        0.659325,
        0.673075,
        0.687425,
        0.7052,
        0.715775,
        0.729475,
        0.733875,
        0.7469,
        0.752575,
        0.76545
    ],
    "validation_loss": [
        1.3585481107711792,
        1.2161754255294799,
        1.172664115333557,
        1.1498907564163208,
        1.0673548210144044,
        1.0391284816741944,
        1.020435823249817,
        1.0012529067993163,
        1.0053852083206176,
        1.0276511867523193,
        1.010857204246521,
        1.0132064804077148,
        1.0307613657951356,
        1.0773320956230164,
        1.1178295988082885
    ],
    "validation_accuracy": [
        0.5034,
        0.5597,
        0.5814,
        0.5969,
        0.6234,
        0.6351,
        0.6424,
        0.657,
        0.6551,
        0.6523,
        0.6582,
        0.6595,
        0.6598,
        0.6459,
        0.6432
    ]
}