{
    "train_loss": [
        1.9444922737121582,
        1.634873467350006,
        1.5087848450660706,
        1.4245223621368408,
        1.3573147250652313,
        1.3074572719097137,
        1.2726019980430603,
        1.231960681247711,
        1.195989557981491,
        1.1651153594493866,
        1.149790093755722,
        1.1173600327968598,
        1.0904744475364685,
        1.0837207277774812,
        1.0631237361431123
    ],
    "train_accuracy": [
        0.259725,
        0.392975,
        0.45075,
        0.490975,
        0.5185,
        0.540075,
        0.555375,
        0.566725,
        0.586125,
        0.5966,
        0.5996,
        0.6172,
        0.626825,
        0.62735,
        0.635575
    ],
    "validation_loss": [
        1.6044921165466308,
        1.4513663497924805,
        1.3508634344100952,
        1.3359403730392456,
        1.2617870807647704,
        1.2142067932128906,
        1.1468601049423217,
        1.1307025115966798,
        1.1273058156967164,
        1.1072522253036499,
        1.1364335262298584,
        1.0896772186279298,
        1.0264180458068848,
        1.0454854643821716,
        1.141407714653015
    ],
    "validation_accuracy": [
        0.4042,
        0.4754,
        0.5067,
        0.5233,
        0.5516,
        0.5737,
        0.59,
        0.5944,
        0.6006,
        0.607,
        0.6025,
        0.6152,
        0.6411,
        0.6369,
        0.5991
    ]
}