{
    "train_loss": [
        1.8541193011283874,
        1.5449321153640747,
        1.4340590496063232,
        1.354783447742462,
        1.289157682466507,
        1.246134935092926,
        1.1944659754276277,
        1.1616020525455475,
        1.1269942012786864,
        1.1029615543842315,
        1.078451749420166,
        1.0516484365701675,
        1.0203511675834656,
        1.011771305656433,
        0.9875419703483581,
        0.9661408004522324,
        0.9554892252445221,
        0.9372232330799103,
        0.9173525261640548,
        0.9039252564430237,
        0.893991690993309,
        0.8714973826885224,
        0.8621477551698685,
        0.846880478644371,
        0.8377165513753891,
        0.8291300635337829,
        0.8130990580558777,
        0.8030059067249298,
        0.7932293249368667,
        0.7853270927429199,
        0.7686768992424011,
        0.7725700101137162,
        0.7631274381160736
    ],
    "train_accuracy": [
        0.310825,
        0.434925,
        0.4833,
        0.5164,
        0.54565,
        0.5627,
        0.580275,
        0.591775,
        0.60615,
        0.61725,
        0.624,
        0.635575,
        0.64595,
        0.6486,
        0.65245,
        0.6629,
        0.671325,
        0.6753,
        0.6793,
        0.6854,
        0.688625,
        0.696325,
        0.69945,
        0.703375,
        0.70665,
        0.711775,
        0.715225,
        0.7222,
        0.72325,
        0.72565,
        0.73125,
        0.7277,
        0.733125
    ],
    "validation_loss": [
        1.4495700351715088,
        1.3696823001861573,
        1.277643021583557,
        1.224871116065979,
        1.1692167209625244,
        1.14941411819458,
        1.117244857597351,
        1.0963229188919068,
        1.0743331060409547,
        1.063559168624878,
        1.0590023418426513,
        1.0447923725128174,
        1.02896252784729,
        1.026600943183899,
        1.0462577213287354,
        1.018130347251892,
        1.045374673461914,
        1.019550612449646,
        1.023123647880554,
        0.9969889225959778,
        1.0082574677467346,
        1.0115018093109132,
        1.02299066324234,
        1.027818155670166,
        0.9965037285804749,
        1.013730887889862,
        1.0095759866714478,
        0.9961963823318482,
        1.0160430371284486,
        1.0515313513755797,
        1.0338866590499878,
        1.0095078315734862,
        1.0218172171592712
    ],
    "validation_accuracy": [
        0.4751,
        0.507,
        0.538,
        0.5596,
        0.5811,
        0.5934,
        0.6044,
        0.6074,
        0.6181,
        0.6242,
        0.6219,
        0.6302,
        0.6362,
        0.6364,
        0.6365,
        0.6484,
        0.6371,
        0.6492,
        0.6492,
        0.6521,
        0.6548,
        0.6498,
        0.6516,
        0.6517,
        0.658,
        0.6606,
        0.6598,
        0.6618,
        0.6583,
        0.6572,
        0.6577,
        0.6657,
        0.6639
    ]
}