{
    "train_loss": [
        1.642617838191986,
        1.3504902844905853,
        1.2293195053100585,
        1.1550603444576264,
        1.0836343754291535,
        1.0334654588699341,
        0.9864848218917847,
        0.9408261116266251,
        0.9062543712377549,
        0.8582704066991806,
        0.8245632947444915,
        0.7875242133140564,
        0.7512422056436538,
        0.721470812022686,
        0.69681514108181
    ],
    "train_accuracy": [
        0.399175,
        0.517875,
        0.5621,
        0.592075,
        0.61555,
        0.6358,
        0.650825,
        0.66655,
        0.67985,
        0.698325,
        0.706875,
        0.7203,
        0.733675,
        0.740675,
        0.75315
    ],
    "validation_loss": [
        1.4105760643959044,
        1.3011494588851928,
        1.2494668746948243,
        1.2342282711982726,
        1.15859614238739,
        1.1840174976348876,
        1.1562772747039796,
        1.1227072774887086,
        1.2139784615516662,
        1.2982517169952392,
        1.187534222126007,
        1.1780438480377198,
        1.2359343435287475,
        1.249877038002014,
        1.2688595315933227
    ],
    "validation_accuracy": [
        0.4928,
        0.5395,
        0.5583,
        0.5609,
        0.592,
        0.5837,
        0.5932,
        0.606,
        0.5842,
        0.5661,
        0.6016,
        0.6102,
        0.5983,
        0.6001,
        0.6029
    ]
}