{
    "train_loss": [
        1.6153006266593932,
        1.345809937953949,
        1.2338913744926452,
        1.1597674520015717,
        1.0893707459926605,
        1.0437357082605363,
        0.9881717833995819,
        0.9436833373785019,
        0.9014126550912857,
        0.8609167239665985,
        0.8257514115095138,
        0.7887967844963074,
        0.7576657302618027,
        0.7256404022455215,
        0.6962907996892929,
        0.6641746768951416
    ],
    "train_accuracy": [
        0.4175,
        0.520475,
        0.563075,
        0.592475,
        0.61635,
        0.63165,
        0.65295,
        0.668075,
        0.681875,
        0.696825,
        0.70995,
        0.7216,
        0.7337,
        0.742125,
        0.75505,
        0.763175
    ],
    "validation_loss": [
        1.4420155935287475,
        1.2617022830963134,
        1.2306971309661865,
        1.2303037088394164,
        1.1605100652694702,
        1.1985074842453003,
        1.1555381206512452,
        1.14973216381073,
        1.2023430337905885,
        1.2324251123428345,
        1.1477048700332642,
        1.214087550163269,
        1.2444263418197632,
        1.2407551113128663,
        1.256025996208191,
        1.2926234533309937
    ],
    "validation_accuracy": [
        0.4895,
        0.5494,
        0.5613,
        0.5682,
        0.5937,
        0.5743,
        0.5987,
        0.596,
        0.5957,
        0.594,
        0.6151,
        0.6044,
        0.5996,
        0.6004,
        0.5996,
        0.6022
    ]
}