{
    "train_loss": [
        1.8054105903625488,
        1.4660636907577516,
        1.3434703762054443,
        1.2460998231887817,
        1.1766320170402527,
        1.1186649779319764,
        1.071865381717682,
        1.0353263701438904,
        0.9930438875436783,
        0.9654964264154434,
        0.9379858142375946,
        0.9132839843511581,
        0.8909656515359878,
        0.8693306854248047,
        0.8469469309806824
    ],
    "train_accuracy": [
        0.3303,
        0.46645,
        0.5192,
        0.557175,
        0.582875,
        0.6078,
        0.62505,
        0.63825,
        0.6522,
        0.665,
        0.670875,
        0.68075,
        0.690475,
        0.69635,
        0.7029
    ],
    "validation_loss": [
        1.49089708404541,
        1.3802769481658936,
        1.2182761465072631,
        1.1641508966445924,
        1.123800746536255,
        1.0747736492156983,
        1.0806297004699708,
        1.031848639202118,
        1.1058303657531738,
        1.0454215059280396,
        0.9909822855949402,
        1.0122041768074035,
        1.0017802736282349,
        1.023706065750122,
        1.0344313974380492
    ],
    "validation_accuracy": [
        0.4551,
        0.5072,
        0.5583,
        0.5903,
        0.601,
        0.6199,
        0.6168,
        0.6372,
        0.6152,
        0.6376,
        0.6552,
        0.651,
        0.6594,
        0.6494,
        0.6483
    ]
}