{
    "train_loss": [
        1.9805173771858215,
        1.6552493495941163,
        1.5194032843589782,
        1.4415366839885713,
        1.377564845752716,
        1.3226964068889617,
        1.2697507136821746,
        1.231413605260849,
        1.1998835827350616,
        1.162744200849533,
        1.138149467945099,
        1.1171115650892258,
        1.089134457874298,
        1.0557178708076478,
        1.048516218686104
    ],
    "train_accuracy": [
        0.251175,
        0.3845,
        0.446475,
        0.47845,
        0.50795,
        0.52905,
        0.5515,
        0.56315,
        0.5786,
        0.5924,
        0.60385,
        0.612325,
        0.623575,
        0.630175,
        0.636325
    ],
    "validation_loss": [
        1.6289234397888184,
        1.4603048318862915,
        1.4119737159729004,
        1.3228514394760131,
        1.2632336730957032,
        1.2659644983291627,
        1.2049160934448242,
        1.178054995727539,
        1.122355654335022,
        1.1033508012771607,
        1.1123984439849854,
        1.0935293563842774,
        1.0912884477615357,
        1.109440315246582,
        1.0448587577819823
    ],
    "validation_accuracy": [
        0.3911,
        0.4629,
        0.4846,
        0.5229,
        0.5401,
        0.5546,
        0.5745,
        0.5816,
        0.5986,
        0.6086,
        0.6137,
        0.6254,
        0.6219,
        0.6158,
        0.6387
    ]
}