{
    "train_loss": [
        1.8933848176002503,
        1.5408769513130187,
        1.4048815525054932,
        1.3281150599479676,
        1.262304860305786,
        1.204707554626465,
        1.1609209170818329,
        1.1226631684780122,
        1.0978176672935487,
        1.0589808691740037,
        1.0295369183540344,
        1.0088807974815368,
        0.9788879886627198,
        0.9547083925008774,
        0.9439173859596253,
        0.9274683877944946,
        0.9127454427242279,
        0.8893514332532882,
        0.8813099051475525,
        0.8633422690153122,
        0.86005090675354
    ],
    "train_accuracy": [
        0.294725,
        0.4389,
        0.495275,
        0.525275,
        0.5536,
        0.573975,
        0.59115,
        0.603975,
        0.615075,
        0.628025,
        0.63995,
        0.6449,
        0.65665,
        0.6669,
        0.671675,
        0.67355,
        0.6808,
        0.687475,
        0.689525,
        0.6967,
        0.69975
    ],
    "validation_loss": [
        1.5033906230926513,
        1.3415614100456237,
        1.2993019598007203,
        1.2099588678359985,
        1.2631961192131043,
        1.181763003540039,
        1.117990813446045,
        1.1479934893608092,
        1.116766858959198,
        1.0664559649467469,
        1.0401178300857543,
        1.0220396613121032,
        1.0180076382637024,
        1.0859493037223815,
        1.0252607982635498,
        0.9933256839752197,
        1.0287049097061158,
        1.0136524265289306,
        1.0390911330223083,
        1.0186095178604126,
        1.0826012378692627
    ],
    "validation_accuracy": [
        0.4635,
        0.5167,
        0.5297,
        0.5699,
        0.5558,
        0.5807,
        0.6044,
        0.5965,
        0.609,
        0.6251,
        0.6338,
        0.6448,
        0.6435,
        0.632,
        0.6462,
        0.6569,
        0.637,
        0.6507,
        0.6483,
        0.6533,
        0.641
    ]
}