{
    "train_loss": [
        1.8066289567947387,
        1.4828315653800965,
        1.3677846633911133,
        1.2865534686565399,
        1.2262340912818908,
        1.1725684403419494,
        1.1173044812679291,
        1.0863391948699952,
        1.048898283290863,
        1.0285493993997574,
        1.0063530342817306,
        0.9746930755853653,
        0.9495902621984482,
        0.9267151031732559,
        0.9111293097019195
    ],
    "train_accuracy": [
        0.32605,
        0.470725,
        0.513075,
        0.546475,
        0.57005,
        0.592625,
        0.611775,
        0.621775,
        0.63645,
        0.64505,
        0.65285,
        0.664025,
        0.672025,
        0.679175,
        0.685075
    ],
    "validation_loss": [
        1.4433338720321656,
        1.2969186952590943,
        1.2676300392150879,
        1.1895358096122741,
        1.1564893507003784,
        1.1225686882019044,
        1.1035658184051513,
        1.0431308784484863,
        1.0722367844581604,
        1.033002100944519,
        1.0366910209655762,
        1.031058066368103,
        1.0259980421066284,
        1.0325181997299195,
        0.9853096907615662
    ],
    "validation_accuracy": [
        0.4944,
        0.5413,
        0.5515,
        0.5805,
        0.5878,
        0.6097,
        0.6121,
        0.6356,
        0.6296,
        0.642,
        0.637,
        0.6391,
        0.6449,
        0.6445,
        0.6601
    ]
}