{
    "train_loss": [
        1.976851976299286,
        1.730888186454773,
        1.6428226961135863,
        1.579289952850342,
        1.5391662209510804,
        1.508430217552185,
        1.4836132621765137,
        1.4540381784915923,
        1.4231152746200562,
        1.412210086965561,
        1.3925279129981996,
        1.3861698712825774,
        1.3609047968387604,
        1.354279359149933,
        1.3345883088111878,
        1.3260008830547332,
        1.3156385666370392,
        1.310165446662903,
        1.2939870574474335,
        1.2909905259132386,
        1.2835908821105957,
        1.2794182859897614,
        1.2598574475765227,
        1.2599332458019257,
        1.2469153585910797,
        1.2470166479587554,
        1.2386347550868988,
        1.2298098732471465,
        1.225292969751358,
        1.2183317122936248,
        1.2128419498443603,
        1.208013187789917,
        1.2060214211940765,
        1.1963231531143188,
        1.1951713274002076,
        1.1895191777229308,
        1.189576611661911,
        1.182544782304764,
        1.17731895403862,
        1.1705730050563812,
        1.1703910441398622,
        1.1710337448596955,
        1.162074589061737,
        1.1619440731048585,
        1.1615583653450012,
        1.1546725878715516,
        1.1508731167793274,
        1.1496737203598022,
        1.1474507578849793,
        1.143150603055954,
        1.1423841089725495,
        1.1358401311874389,
        1.1397086563587189,
        1.1352134915828704,
        1.1271658802032472,
        1.1289783539772034,
        1.1259289047718049,
        1.118436768770218,
        1.1222796850204468,
        1.1161652829647064,
        1.1242535567283631,
        1.1192997256278991,
        1.1098681931972503,
        1.1117722378253936
    ],
    "train_accuracy": [
        0.2473,
        0.348675,
        0.391425,
        0.418875,
        0.43745,
        0.44855,
        0.465025,
        0.47505,
        0.4846,
        0.49505,
        0.498575,
        0.508,
        0.51505,
        0.52125,
        0.5286,
        0.53485,
        0.53365,
        0.53855,
        0.54315,
        0.546225,
        0.54865,
        0.55085,
        0.559025,
        0.55945,
        0.56,
        0.563875,
        0.5684,
        0.57265,
        0.5718,
        0.574,
        0.5783,
        0.57745,
        0.583325,
        0.5847,
        0.58865,
        0.585875,
        0.589025,
        0.5892,
        0.59165,
        0.595625,
        0.597175,
        0.594575,
        0.5993,
        0.598575,
        0.600325,
        0.602125,
        0.5997,
        0.6055,
        0.60415,
        0.6039,
        0.60795,
        0.6093,
        0.611375,
        0.60935,
        0.612675,
        0.614175,
        0.611175,
        0.61705,
        0.616325,
        0.613825,
        0.61515,
        0.614575,
        0.615775,
        0.617025
    ],
    "validation_loss": [
        1.578465518760681,
        1.4640938720703125,
        1.4123108381271363,
        1.3554578830718995,
        1.3229801904678344,
        1.2912615077972411,
        1.254317267036438,
        1.2477345022201538,
        1.216533547782898,
        1.2032313876152039,
        1.17882683467865,
        1.156210353088379,
        1.1562023012161255,
        1.1707294542312623,
        1.1275200790405273,
        1.119678023338318,
        1.0865134830474854,
        1.1240380054473877,
        1.0868332096099853,
        1.089802271270752,
        1.0479641946792602,
        1.0499737866401673,
        1.1066091861724854,
        1.0453676978111268,
        1.051556126499176,
        1.0385221232414246,
        1.0366624855041504,
        1.031859137916565,
        1.0474473700523377,
        1.0001206230163575,
        1.016445923614502,
        0.9934328803062439,
        1.03092169380188,
        0.9808835429191589,
        0.9709023281097412,
        1.0020826377868652,
        0.9792621555328369,
        0.9536082870483399,
        0.9498879907608032,
        0.9667241247177124,
        0.9747969346046448,
        0.9489499158859253,
        0.9399412662506104,
        0.9614020164489746,
        0.9404578667640686,
        0.9615896421432495,
        0.9489811786651612,
        0.9319567056655884,
        0.9337883214950562,
        0.9134082712173462,
        0.9323566719055176,
        0.9354097393035888,
        0.9325453863143921,
        0.9207172899246215,
        0.90711359167099,
        0.9151368885993958,
        0.9083960401535034,
        0.9064827037811279,
        0.8892817180633545,
        0.9184510297775269,
        0.90293206615448,
        0.8991504188537598,
        0.9032114849090577,
        0.9112649998664856
    ],
    "validation_accuracy": [
        0.4165,
        0.4565,
        0.4816,
        0.506,
        0.5153,
        0.5349,
        0.5496,
        0.5454,
        0.563,
        0.568,
        0.5822,
        0.5887,
        0.5872,
        0.5837,
        0.6048,
        0.6036,
        0.6149,
        0.6064,
        0.617,
        0.614,
        0.6315,
        0.6316,
        0.6094,
        0.637,
        0.6311,
        0.631,
        0.6397,
        0.6356,
        0.633,
        0.6536,
        0.6418,
        0.6496,
        0.6491,
        0.6592,
        0.6633,
        0.6501,
        0.6615,
        0.6668,
        0.6677,
        0.6618,
        0.6577,
        0.6699,
        0.6752,
        0.6692,
        0.6749,
        0.6666,
        0.6731,
        0.6787,
        0.6751,
        0.6828,
        0.6843,
        0.6806,
        0.6755,
        0.6824,
        0.6869,
        0.6836,
        0.6834,
        0.6848,
        0.6914,
        0.6782,
        0.6931,
        0.69,
        0.6874,
        0.6841
    ],
    "learning_rate": [
        0.0005,
        0.0005,
        0.0005,
        0.0005,
        0.0005,
        0.0005,
        0.0005,
        0.0005,
        0.0005,
        0.0005,
        0.0005,
        0.0005,
        0.0005,
        0.0005,
        0.0005,
        0.0005,
        0.0005,
        0.0005,
        0.0005,
        0.0005,
        0.0005,
        0.0005,
        0.0005,
        0.0005,
        0.0005,
        0.0005,
        0.0005,
        0.0005,
        0.0005,
        0.0005,
        0.0005,
        0.0005,
        0.0005,
        0.0005,
        0.0005,
        0.0005,
        0.0005,
        0.0005,
        0.0005,
        0.0005,
        0.0005,
        0.0005,
        0.0005,
        0.0005,
        0.0005,
        0.0005,
        0.0005,
        0.0005,
        0.0005,
        0.0005,
        0.0005,
        0.0005,
        0.0005,
        0.0005,
        0.0005,
        0.0005,
        0.0005,
        0.0005,
        0.0005,
        0.0005,
        0.0005,
        0.0005,
        0.0005,
        0.0005
    ]
}