{
    "train_loss": [
        1.901657072544098,
        1.5777732181072235,
        1.4630988663196565,
        1.3866738965511323,
        1.3177078629016876,
        1.2661887813091277,
        1.2146294673919678,
        1.1719536699771882,
        1.1401980904102325,
        1.1161413074970246,
        1.0858600355625152,
        1.052040511894226,
        1.0380064263343811,
        1.015191917705536,
        0.9971568893909455
    ],
    "train_accuracy": [
        0.287,
        0.42305,
        0.4711,
        0.50775,
        0.5334,
        0.5517,
        0.57525,
        0.593525,
        0.605275,
        0.6121,
        0.626475,
        0.638275,
        0.6435,
        0.652175,
        0.6566
    ],
    "validation_loss": [
        1.710436999130249,
        1.4245636407852174,
        1.3559690999984741,
        1.2454871603012085,
        1.216695209980011,
        1.1841858967781067,
        1.146381970691681,
        1.1026436899185181,
        1.1207138929367066,
        1.0707672417640686,
        1.090355961227417,
        1.0532148726463317,
        1.0266178478240966,
        1.0759594555854797,
        1.0376429445266724
    ],
    "validation_accuracy": [
        0.4011,
        0.4705,
        0.5062,
        0.5528,
        0.5677,
        0.5834,
        0.5923,
        0.6157,
        0.6088,
        0.6262,
        0.6177,
        0.6342,
        0.6406,
        0.6304,
        0.6382
    ]
}