{
    "train_loss": [
        1.7624906477928162,
        1.4928987827777862,
        1.3762309671401978,
        1.3025404874801636,
        1.2380541362285613,
        1.192364719438553,
        1.1486181046485902,
        1.1201927376270293,
        1.0856291674613954,
        1.0635665265083314,
        1.0344400388479233,
        1.0145163671970368,
        1.0006691598415374,
        0.9749725524902344,
        0.9526022692918777
    ],
    "train_accuracy": [
        0.340825,
        0.45465,
        0.50215,
        0.53415,
        0.56065,
        0.57785,
        0.59325,
        0.6034,
        0.61355,
        0.624475,
        0.63415,
        0.639925,
        0.6427,
        0.650625,
        0.66065
    ],
    "validation_loss": [
        1.5157870027542115,
        1.4473993591308594,
        1.3224063323974609,
        1.2617884239196777,
        1.2176309850692748,
        1.1920650297164916,
        1.1795747896194457,
        1.1798910432815553,
        1.1590968549728393,
        1.1600536975860596,
        1.1354782976150513,
        1.14528510723114,
        1.1155776220321656,
        1.178947667312622,
        1.135017038154602
    ],
    "validation_accuracy": [
        0.4482,
        0.4754,
        0.5226,
        0.5515,
        0.5669,
        0.5763,
        0.5865,
        0.5848,
        0.5918,
        0.6013,
        0.6012,
        0.6011,
        0.6131,
        0.5837,
        0.61
    ]
}